<?xml version="1.0" encoding="UTF-8" ?>
<!DOCTYPE mapper
        PUBLIC "-//mybatis.org//DTD Mapper 3.0//EN"
        "https://mybatis.org/dtd/mybatis-3-mapper.dtd">
<mapper namespace="com.neuedu.yyzxproject.mapper.BedDetailsMapper">
    <select id="queryBedInfo" parameterType="BedDetailsVo" resultType="BedDetailsVo">
        select b.*,c.customer_name,c.customer_sex from beddetails b,customer c
        where b.customer_id=c.id and b.is_deleted=0
        <if test="customerName!=null and customerName!=''">
            and c.customer_name like "%"#{customerName}"%"
        </if>
    </select>

    <!-- 1. 将 customer_id 对应的数据的 is_deleted 设置为 1 -->
    <update id="updateIsDeleted">
        UPDATE beddetails
        SET is_deleted = 1
        WHERE customer_id = #{customerId}
    </update>

    <!-- 2. 将 bed 表中 bed_id 对应的数据的 bed_status 设置为 1 -->
    <update id="updateBedStatus">
        UPDATE bed
        SET bed_status = 2
        WHERE id = #{bedId}
    </update>

    <!-- 3. 根据 bedId 查询 bed_no -->
    <select id="selectBedNoById" resultType="String">
        SELECT bed_no
        FROM bed
        WHERE id = #{bedId}
    </select>

    <!-- 4. 更新 bedDetails 表的数据 -->
    <update id="updateOldBedId">
        UPDATE bed
        SET bed_status = 2
        WHERE id = #{oldBedId}
    </update>

    <!-- 5. 插入数据到 beddetails 表 -->
    <insert id="insertBedDetails">
        INSERT INTO beddetails (start_date, end_date, bed_details, customer_id, bed_id, is_deleted)
        VALUES (#{startDate}, #{endDate}, #{bedDetails}, #{customerId}, #{bedId}, 0)
    </insert>

    <update id="reviseBedInfo">
        update beddetails
        set end_date = #{endDate}
        where id = #{id}
    </update>

</mapper>