<?xml version="1.0" encoding="UTF-8" ?>
<!DOCTYPE mapper
        PUBLIC "-//mybatis.org//DTD Mapper 3.0//EN"
        "https://mybatis.org/dtd/mybatis-3-mapper.dtd">
<mapper namespace="com.neuedu.yyzxproject.mapper.CustomerMapper">
    <select id="queryAllCustomer" resultType="Customer">
        select *, b.bed_no
        from customer c, bed b
        <where>
            and c.bed_id = b.id
            and c.is_deleted = 0
            <if test="customerName != null and customerName != ''">
                and c.customer_name like CONCAT('%', #{customerName}, '%')
            </if>
        </where>
    </select>
    <update id="deleteCustomerById" parameterType="int">
        update customer set is_deleted=1 where id=#{customerId}
    </update>
    <insert id="saveCustomer" parameterType="Customer">
        insert into customer(is_deleted,customer_name,customer_age,customer_sex,idcard,room_no,building_no,checkin_date,expiration_date,contact_tel,bed_id,psychosomatic_state,attention,birthday,blood_type,filepath,family_member)
        values(0,#{customerName},#{customerAge},#{customerSex},#{idCard},#{roomNo},#{buildingNo},#{checkinDate},#{expirationDate},#{contactTel},#{bedId},#{psychosomaticState},#{attention},#{birthday},#{bloodType},#{filePath},#{familyMember})
    </insert>

    <select id="queryFoodManage" resultType="FoodManage">
        select p.*, c.customer_name, c.customer_age, c.customer_sex
        from customerpreference p, customer c
        <where>
            and c.id=p.customer_id
            and c.is_deleted = 0
            and p.is_deleted = 0
            <if test="customerName != null and customerName != ''">
                and c.customer_name like CONCAT('%', #{customerName}, '%')
            </if>
        </where>
    </select>
    <update id="modifyBedStatus">
        update bed set bed_status=2 where id=#{bedId}
    </update>
    <update id="reviseCustomerInfo" parameterType="Customer">
        update customer set birthday= #{birthday} where id =#{id}
    </update>
    <!-- 1. 查找 customer 对应的 bed_id -->
    <select id="getBedIdByCustomerId" resultType="int" parameterType="int">
        SELECT bed_id
        FROM customer
        WHERE id = #{customerId}
    </select>

    <!-- 2. 更新 bed 表中的 bed_status -->
    <update id="updateBedStatus" parameterType="int">
        UPDATE bed
        SET bed_status = 1
        WHERE id = #{bedId}
    </update>
</mapper>