<?xml version="1.0" encoding="UTF-8" ?>
<!DOCTYPE mapper
        PUBLIC "-//mybatis.org//DTD Mapper 3.0//EN"
        "https://mybatis.org/dtd/mybatis-3-mapper.dtd">
<mapper namespace="com.neuedu.yyzxproject.mapper.CustomerNursingMapper">
    <select id="queryAllCustomerInfo" resultType="Customer">
        select * from customer
        <where>
            is_deleted = 0
            <if test="customerName != null and customerName != ''">
                and customer_name like CONCAT('%', #{customerName}, '%')
            </if>
        </where>
    </select>
    <update id="deleteCustomerNursingLevel" parameterType="int">
        update customer set level_id=null where id=#{id}
    </update>

</mapper>