<?xml version="1.0" encoding="UTF-8" ?>
<!DOCTYPE mapper
        PUBLIC "-//mybatis.org//DTD Mapper 3.0//EN"
        "https://mybatis.org/dtd/mybatis-3-mapper.dtd">
<mapper namespace="com.neuedu.yyzxproject.mapper.HealthStewardMapper">
    <select id="queryHealthSteward" resultType="User">
        select * from user
        <where>
            is_deleted = 0
            and role_id = 2
            <if test="nickname!=null and nickname!=''">
                and nickname like "%"#{nickname}"%"
            </if>
        </where>
    </select>
    <select id="queryCustomerWithoutSteward" resultType="Customer">
        select * from customer
        <where>
            is_deleted=0
            and user_id=-1
            <if test="customerName!=null and customerName!=''">
                and customer_name like "%"#{customerName}"%"
            </if>
        </where>
    </select>
    <select id="queryServingCustomerById" resultType="CustomerNursingRecords">
        SELECT c.*, n.level_name
        FROM customer c
        JOIN nurselevel n ON c.level_id = n.id
        <where>
            AND c.is_deleted = 0
            AND c.user_id = #{id}
        </where>
    </select>
    <update id="deleteServingCustomer" parameterType="int">
        update customer set user_id=-1 where id=#{customerId}
    </update>
</mapper>