<?xml version="1.0" encoding="UTF-8" ?>

<!DOCTYPE mapper
        PUBLIC "-//mybatis.org//DTD Mapper 3.0//EN" "https://mybatis.org/dtd/mybatis-3-mapper.dtd">

<mapper namespace="com.neuedu.yyzxproject.mapper.NurseContentMapper">
    <select id="queryAllNurseContentInfo" resultType="Nursecontent">
        select * from nursecontent
        <where>
            is_deleted=0
            <if test="nursingName!=null and nursingName!=''">
                and nursing_name like "%"#{nursingName}"%"
            </if>
        </where>
    </select>
    <insert id="addNurseContent" parameterType="Nursecontent">
        insert into nursecontent(serial_number,nursing_name,service_price,message,status,execution_cycle,execution_times,is_deleted)
        values(#{serialNumber},#{nursingName},#{servicePrice},#{message},#{status},#{executionCycle},#{executionTimes},0)
    </insert>
    <update id="updateNurseContent" parameterType="Nursecontent">
        UPDATE nursecontent
        <set>
            <if test="message != null">
                message = #{message},
            </if>
            <if test="status != null">
                status = #{status},
            </if>
            <if test="executionCycle != null">
                execution_cycle = #{executionCycle},
            </if>
            <if test="executionTimes != null">
                execution_times = #{executionTimes},
            </if>
        </set>
        WHERE id = #{id}
    </update>
    <update id="deleteNurseContent" parameterType="int">
        update nursecontent set is_deleted=1 where id=#{id}
    </update>
</mapper>