<?xml version="1.0" encoding="UTF-8" ?>

<!DOCTYPE mapper
        PUBLIC "-//mybatis.org//DTD Mapper 3.0//EN" "https://mybatis.org/dtd/mybatis-3-mapper.dtd">

<mapper namespace="com.neuedu.yyzxproject.mapper.NurseLevelMapper">
    <select id="findNurselevel" resultType="Nurselevel">
        select * from nurselevel where is_deleted=0
    </select>
    <insert id="addNurselevel" parameterType="Nurselevel">
        insert into nurselevel(is_deleted,level_name,level_status)
        values(0,#{levelName},2)
    </insert>
    <update id="modifyNurselevelStatus" parameterType="int">
        update nurselevel
        set level_status = case when level_status = 1 then 2 else 1 end
        where id = #{id}
    </update>
    <select id="queryNursingProject" resultType="Nursecontent">
        select * from nursecontent
        <where>
            is_deleted=0
            <if test="nursingName!=null and nursingName!=''">
                and nursing_name like "%"#{nursingName}"%"
            </if>
        </where>
    </select>
    <select id="queryNursingProjectByLevel" resultType="Nursecontent">
        SELECT nc.*
        FROM nursecontent nc
        INNER JOIN nurselevelitem nll ON nll.item_id = nc.id
        INNER JOIN nurselevel nl ON nll.level_id = nl.id
        <where>
            nll.level_id = #{id}
            AND nc.is_deleted = 0
            AND nl.is_deleted = 0
        </where>
    </select>
    <delete id="deleteProjectInLevel">
        DELETE FROM nurselevelitem
        WHERE level_id = #{levelId}
        AND item_id = #{itemId}
    </delete>
</mapper>
