<?xml version="1.0" encoding="UTF-8" ?>

<!DOCTYPE mapper
        PUBLIC "-//mybatis.org//DTD Mapper 3.0//EN" "https://mybatis.org/dtd/mybatis-3-mapper.dtd">

<mapper namespace="com.neuedu.yyzxproject.mapper.NursingRecordsMapper">

    <select id="queryCustomerInfo" resultType="CustomerNursingRecords">
        SELECT c.*, n.level_name
        FROM customer c
        JOIN nurselevel n ON c.level_id = n.id
        <where>
            <if test="customerName!=null and customerName!=''">
                and c.customer_name like "%"#{customerName}"%"
            </if>
        </where>
    </select>
    <select id="queryNursingRecords" resultType="NurseRecord">
        SELECT
        n.nursing_content,
        n.nursing_time,
        nc.serial_number,
        nc.nursing_name,
        cn.nurse_number,
        u.nickname,
        u.phone_number
        FROM nurserecord n
        JOIN nursecontent nc ON nc.id=n.item_id
        JOIN customernurseitem cn ON cn.custormer_id=n.customer_id
        JOIN user u ON u.id=n.user_id
        <where>
            cn.custormer_id = #{id}
            AND n.is_deleted = 0
            AND nc.is_deleted = 0
            AND cn.is_deleted = 0
            AND u.is_deleted = 0
        </where>
    </select>
    <update id="deleteNursingRecordsById" parameterType="int">
        update nurserecord set is_deleted=1 where id=#{nursingRecordsId}
    </update>
</mapper>
