<?xml version="1.0" encoding="UTF-8" ?>

<!DOCTYPE mapper
        PUBLIC "-//mybatis.org//DTD Mapper 3.0//EN" "https://mybatis.org/dtd/mybatis-3-mapper.dtd">

<mapper namespace="com.neuedu.yyzxproject.mapper.ServiceConcernsMapper">
    <select id="queryCustomerInfo" resultType="CustomerNursingRecords">
        SELECT c.*, n.level_name
        FROM customer c
        JOIN nurselevel n ON c.level_id = n.id
        <where>
            <if test="customerName!=null and customerName!=''">
                and c.customer_name like "%"#{customerName}"%"
            </if>
        </where>
    </select>
    <select id="queryCustomerPurchasedNursingService" resultType="PurchasedNursingServices">
        SELECT
        cn.*,
        c.customer_name,
        n.nursing_name,
        n.service_price
        FROM customernurseitem cn
        JOIN customer c ON cn.custormer_id = c.id
        JOIN nursecontent n ON cn.item_id = n.id
        <where>
            cn.custormer_id = #{id}
            AND cn.is_deleted = 0
            AND c.is_deleted = 0
            AND n.is_deleted = 0
        </where>
    </select>
    <update id="deleteCustomerPurchasedNursingService" parameterType="int">
        update customernurseitem set is_deleted=1 where id=#{nursingServiceId}
    </update>
    <update id="renewalNursingService">
        update customernurseitem
        set
        nurse_number = nurse_number + #{newQuantity},
        maturity_time = #{newMaturityTime}
        where id = #{customerNurseitemId}
    </update>
    <select id="queryNursingService" resultType="Nursecontent">
        select * from nursecontent
        <where>
            is_deleted = 0
            <if test="nursingName!=null and nursingName!=''">
                and nursing_name like "%"#{nursingName}"%"
            </if>
        </where>
    </select>
    <insert id="selectNursingService" parameterType="CustomerNurseitem">
        insert into customernurseitem(is_deleted,item_id,custormer_id,buy_time,nurse_number,maturity_time)
        values(0,#{itemId},#{custormerId}, NOW(),#{nurseNumber},#{maturityTime})
    </insert>
</mapper>